iteration,Lift,passenger,param_0,param_1,param_2,param_3,param_4,param_5,param_6,param_7,param_8,param_9,param_10,param_11,param_12,param_13,param_14,param_15,param_16,param_17,param_18,param_19,param_20,param_21,param_22,param_23,param_24,param_25,param_26,param_27,param_28,param_29,param_30,param_31,param_32,param_33,param_34,param_35,param_36,param_37,param_38,param_39,param_40,param_41,param_42,param_43,param_44,param_45,param_46,param_47,param_48,param_49,param_50,param_51,param_52,param_53,param_54,param_55,param_56,param_57,param_58,param_59,param_60,param_61,param_62,param_63,param_64,param_65,param_66,param_67,param_68,param_69,param_70,param_71,param_72,param_73,param_74,param_75,param_76,param_77,param_78,param_79,param_80,param_81,param_82,param_83,param_84,param_85,param_86,param_87,param_88,param_89,param_90,param_91,param_92,param_93,param_94,param_95,param_96,param_97,param_98,param_99,param_100,param_101,param_102,param_103,param_104,param_105,param_106,param_107,param_108,param_109,param_110,param_111,param_112,param_113,param_114,param_115,param_116,param_117,param_118,param_119,param_120,param_121,param_122,param_123,param_124,param_125,param_126,param_127,param_128,param_129,param_130,param_131,param_132,param_133,param_134,param_135,param_136,param_137,param_138,param_139,param_140,param_141,param_142,param_143,param_144,param_145,param_146,param_147,param_148,param_149,param_150,param_151,param_152,param_153,param_154,param_155,param_156,param_157,param_158,param_159,param_160,param_161,param_162,param_163,param_164,param_165,param_166,param_167
1811,1103749.0,140,0.0,0.013317605340730853,0.06007542166907242,0.07807748641998376,0.07616114815350886,-0.059308250076001004,0.1561490272866681,0.012552355220969705,-0.0024571663023059513,0.11781885476822122,-0.014934630444697125,-0.10281240531180166,0.04312799973143812,-0.13144926783902133,-0.019667610075401694,0.05134954604320589,-0.26951493636205387,0.053035157725392024,-0.1575316371420007,-6.529823082e-08,71.95600128,-0.0836969572710519,0.0158907132653601,0.0158907132653601,2.0,0.015139409357501202,-0.00020863800937634294,0.21310308239540343,-0.05978777409380498,0.0748489250394628,0.07853298658631012,0.009894544142209834,0.04897492953695025,0.06029228851927952,-0.01252299887093277,0.00014817827216648434,-0.14388360913640522,0.1166570242204217,-0.26310792771478997,0.2690316576231832,-0.459169272081029,0.1500412774115281,-0.1942182376077073,12.63139915,69.81752014,-0.027584845006900796,0.0195930411129989,0.0195930411129989,4.0,0.0014384664284273468,0.0559787054684583,0.08960998562493319,-0.06431502129018712,0.13941273270308077,-0.040922397535361046,0.07789761567767008,0.018632402565504726,0.07022049672285843,0.010358478003673762,-0.05476351094949908,0.018724108631924398,-0.14952776679820975,0.06115337972932678,-0.04334587037641542,-0.21223113349127135,0.07237673149896795,-0.1280638569093269,29.35029793,68.94444275,0.6010945374480635,0.0158517125537957,0.0158517125537957,6.0,0.008377343286759173,0.07119512674206906,-0.014852074472361825,0.1466817395451678,-0.034805413393432065,0.0940933076663607,0.05976262994363177,0.060361695706961344,0.031899463708382675,-0.017764203625484542,-0.06638657969837977,0.05139973164613905,-0.12789364478330914,0.06370935329666802,-0.10564776709720843,-0.02477689240099295,-0.006214320547522523,-0.0625842652019667,40.88459015,68.58546448,1.2689890690459715,0.0040967066832651,0.0040967066832651,8.0,0.024462666736386123,0.07800169089833237,-0.010734212860868795,0.0965329767909696,-0.0070172654843946285,0.07497202393806372,0.05157602428400429,0.06114654215209654,0.022320481692231504,-0.006710637611415166,-0.06049933366885933,0.03477346615451081,-0.17339651721704483,0.16258666049028553,-0.20359722244170422,0.1146314472317251,-0.055554144713493334,0.0013360137915688144,49.44328308,68.802948,1.7801598181874847,-0.0012107218330925,-0.0012107218330925,10.0,0.005928098519038149,0.07390701885230354,0.009019316701890307,0.06701558387905308,0.024530681186034915,0.03864275293415851,0.05717990727046138,0.040917546081550106,0.01634928627440185,-0.009005489500599,-0.07429572319038255,0.08363748014113256,-0.20545949065930466,0.15223939690154312,-0.20606669568396743,0.0688432849446001,-0.023678131051811893,0.010907917374898789,55.02288818,69.77344513,2.0432983831072855,-0.0035392911723241,-0.0035392911723241,14.18,0.00808237266067504,0.0740308274827235,-0.008136563382616547,0.08591059297835826,-0.0030225260543570286,0.04507769650412283,0.016190364323439965,0.07854717941810363,0.02927534946877588,-0.00740602580673216,-0.07926251220817676,0.03319977762041133,-0.17778212753143463,0.1308491729474801,-0.19245500001625893,0.08220601964277952,-0.02864645537446501,0.02753889071738452,66.73245239,71.73248291,2.980578948009514,-0.0165246909332865,-0.0165246909332865
2725,1104392.0,126,0.0,0.01761041515166521,0.06218393214704711,0.07026754990789726,0.0776963560720085,-0.04877009592344798,0.1629794858927068,-0.011124175957741858,0.028212717152916164,0.07950509587444846,0.0003364950515185286,-0.07959649382571386,0.02435695404763156,-0.09406310493661343,-0.042943425170789334,0.07573179549420524,-0.25353916900852613,0.043281743323554125,-0.14675369595954618,-6.529823082e-08,71.95600128,-0.13097887930998878,0.0158907132653601,0.0158907132653601,2.0,0.00425466445979209,-0.0023605577873117367,0.2085121844944603,-0.06575173858796288,0.08106143804252658,0.08149837873074393,-0.0148941450623453,0.03452205114522881,0.07757886710192165,-0.01819842329120451,0.02031493521224837,-0.15148063602946257,0.10957331262050196,-0.2904351242137005,0.26426457098659656,-0.4707411119449388,0.15736656371377541,-0.1964104624672369,12.63139915,69.81752014,0.03786195057626422,0.0195930411129989,0.0195930411129989,4.0,-0.0041836477913487075,0.0369311677541787,0.12683009981941465,-0.06120189674906382,0.14565010705146098,-0.055159510059974326,0.10783371760209493,0.02468945015521613,0.06174630372856052,0.009410293014341568,-0.06642632563829041,0.016477315507991773,-0.12378690127107414,0.05990523715561254,-0.06231459290551053,-0.20764951815715113,0.08639722433706488,-0.1297021758580928,29.35029793,68.94444275,0.6304987534754203,0.0158517125537957,0.0158517125537957,6.0,0.007742457668812753,0.07561910572898073,-0.015646299931884544,0.12494961628630576,-0.04888427882229199,0.08890423235070724,0.050693433286621195,0.05202689488068329,0.031417083137941906,-0.0030777319507812326,-0.0881693847600327,0.0413562203336448,-0.14265634574927538,0.07596222786821719,-0.08624589293040258,-0.02769897651956007,-0.021274659655641057,-0.059143928773127886,40.88459015,68.58546448,1.2572639978415086,0.0040967066832651,0.0040967066832651,8.0,0.00491804499231966,0.08477318862081867,-0.018347876943653786,0.1236962133105225,-0.014686905179173338,0.08834232750284098,0.05035974560468274,0.08710984625593328,0.038374970833312594,-0.01944046724101124,-0.0747727979599703,0.06560162329977005,-0.182922476543581,0.16303390411756763,-0.22225606671416362,0.11283604573609189,-0.04307897294646796,0.018644176581014506,49.44328308,68.802948,1.7983683330611493,-0.0012107218330925,-0.0012107218330925,10.0,0.02444778642827644,0.07381602091060777,0.010338601089065987,0.08611002929064503,-0.0017728889574442994,0.05559968934305397,0.05033419338108258,0.054304252717628905,0.019137620408279273,-0.028229690486334426,-0.07343769078113013,0.06410135882330203,-0.18409091930129026,0.1607199148242739,-0.20920146926208022,0.07176987563930345,-0.034276103780268505,0.0035141954823126936,55.02288818,69.77344513,2.1183474588880786,-0.0035392911723241,-0.0035392911723241,14.18,0.030178562671722982,0.0697867748785333,-0.010168461389167983,0.1066203770212535,-0.014913405485665379,0.07169354175720745,0.018578211736269414,0.09410486473420619,0.031033468828489036,-0.026880448021713223,-0.07658633929123665,0.049526643398478856,-0.19177634419217277,0.1600081585298177,-0.181171411352539,0.08256897569424036,-0.019207811383051474,0.03023976572601251,66.73245239,71.73248291,2.914635800709221,-0.0165246909332865,-0.0165246909332865
3675,1129815.0,125,0.0,0.013816510507595126,0.0717382167100349,0.06747854671420923,0.10533031152332173,-0.06393326767167355,0.16353120442755936,0.010119631732267908,0.001156908778197385,0.1041508750551763,-0.020681304822530697,-0.09114445611576982,0.04293618680717429,-0.11669290772804383,-0.037162063330174466,0.06391243038196752,-0.2760661145617593,0.03842071057696956,-0.16180947523584643,-6.529823082e-08,71.95600128,-0.12312646317197684,0.0158907132653601,0.0158907132653601,2.0,0.009116664625574112,0.009841032304471736,0.1898031807848156,-0.05502018487862691,0.08885687514405315,0.08040956283770082,-0.007274654810687869,0.04686441753835856,0.08872999956238842,0.007617604574345943,0.011849681962721102,-0.14918684652089784,0.11714194878918362,-0.2851505729633629,0.26974584815785363,-0.43945037792577474,0.13940444788301168,-0.16845918990204883,12.63139915,69.81752014,0.1209290681393753,0.0195930411129989,0.0195930411129989,4.0,0.003805773358408102,0.054180121334455426,0.109009104705716,-0.03503455349457124,0.1495945821767824,-0.029176221309371406,0.08262939336876389,0.02818679589023127,0.06222758789094866,0.0019274588619900643,-0.07307232331439613,0.005494097255092716,-0.122801267010896,0.03239524121041784,-0.03496909981950917,-0.2166207436351229,0.06272995157121701,-0.13091721790521402,29.35029793,68.94444275,0.7360283431167073,0.0158517125537957,0.0158517125537957,6.0,0.03233642228518774,0.07515600214527247,-0.024213725083343886,0.12994006353184553,-0.04062474380906472,0.10405744968500552,0.05884137584839592,0.0696381456836046,0.03044420779679695,0.003073254786494853,-0.06796394285012458,0.027406441198816557,-0.13064710576843602,0.08522436788750559,-0.10612944552337784,-0.015217053382369256,-0.0038286803697375783,-0.04404520016873094,40.88459015,68.58546448,1.4333307731093805,0.0040967066832651,0.0040967066832651,8.0,0.0056413006336221184,0.06461175551761553,0.005115269151105592,0.11142107742474036,-0.011096290561830655,0.09211686790319004,0.019646601671976092,0.07678618973838935,0.0126918507807329,-0.02445506638635123,-0.0789460301900227,0.050656696440198316,-0.18353376034448224,0.155515012621314,-0.1966394988794417,0.09428582470843233,-0.056787469768976945,0.015458737582001399,49.44328308,68.802948,1.801393508852739,-0.0012107218330925,-0.0012107218330925,10.0,0.025465233382959435,0.07909639826765606,-0.007877802037582175,0.08543018825260773,0.013121086318833897,0.022504074543594817,0.06729452168066558,0.046269488253910286,0.033732429489069175,-0.0058136474543957276,-0.07247383943620639,0.09175738467582122,-0.21522026580613784,0.15576317455145314,-0.19053359763079145,0.08641489555588713,-0.047880489450192125,-0.006346078729745051,55.02288818,69.77344513,2.135679508291554,-0.0035392911723241,-0.0035392911723241,14.18,0.015783725239532982,0.04370300510203211,0.009976567432197728,0.1137642317647268,-0.02008791527850604,0.06164062285826506,0.021554857519430648,0.058946168901363304,0.033526458840957736,-0.028914024706270143,-0.053076210015347264,0.04368710275332648,-0.16373477998100006,0.13560396396086574,-0.18916551827446368,0.07999836581448158,-0.0096768831602373,0.012615173603502056,66.73245239,71.73248291,2.9525768971967863,-0.0165246909332865,-0.0165246909332865
9094,1106118.0,150,0.0,0.02105755457482745,0.07232974202134988,0.06056272455471433,0.07786343235893675,-0.05754324814586982,0.1655092024607889,0.015786595175282355,-0.006232651277601642,0.11607909070419771,-0.0026766382267132505,-0.111035271205073,0.02619519212125473,-0.13143863347873558,-0.05188456462338417,0.07201898496347738,-0.2528038494332065,0.04072485425162547,-0.14024711362155698,-6.529823082e-08,71.95600128,-0.10709464091345727,0.0158907132653601,0.0158907132653601,2.0,0.013005256081780828,0.012033772899303815,0.2024974428923335,-0.06968041763927392,0.08687142388532591,0.061835682164689376,0.014696153567746912,0.018951634222082667,0.09025415222289394,-0.014925476858410185,-0.005693653464666335,-0.1493225976898296,0.12284097500304111,-0.28176047126311227,0.24994446377628107,-0.4643261474990503,0.16114873706006633,-0.19133139800548923,12.63139915,69.81752014,0.004540792797321801,0.0195930411129989,0.0195930411129989,4.0,0.019171118118322075,0.05371286308985541,0.11120538102263576,-0.03412367905992994,0.14973281341369052,-0.03133939403233541,0.09526390827747493,-0.0043308612923702375,0.08484338183793286,-0.010359647726280842,-0.07197632587708341,0.026404556983845452,-0.1552955748335993,0.04170389101608108,-0.04194664359961443,-0.2205777052094926,0.08835151430050585,-0.15304902361641148,29.35029793,68.94444275,0.626744663752931,0.0158517125537957,0.0158517125537957,6.0,0.017493841278377026,0.0662370541985731,-0.011423225714944845,0.13223791643414526,-0.05272631048340176,0.08499525204661496,0.03940093626828033,0.06544733591226173,0.05113464103680891,-0.005307917911781683,-0.05249199579080585,0.03565181549524658,-0.12694787957548467,0.06478162778956947,-0.08800351688354857,-0.0045171644532867004,-0.017220941444146407,-0.03713705886121286,40.88459015,68.58546448,1.3739693394500416,0.0040967066832651,0.0040967066832651,8.0,0.032583922001737514,0.04875357415139228,0.003157199793309695,0.08928692473442837,-0.006666542436291653,0.07531925189052015,0.0420863642604893,0.0827571912823013,0.021549516599399146,-0.021040775583171,-0.06860481973583406,0.05785613535277309,-0.18261096760087947,0.16271952635621018,-0.22247878033716467,0.10318139866299213,-0.06227908753901033,-0.007641893167002941,49.44328308,68.802948,1.7313776750376721,-0.0012107218330925,-0.0012107218330925,10.0,0.036710814387357765,0.07292782806307976,-0.00888608241738468,0.0653969696301866,-0.0019395982374292922,0.04147031119122763,0.058015894253222317,0.04907299644018591,0.041309536096826985,0.0010863560061523513,-0.09755061988357523,0.05547958537921293,-0.21410046419924783,0.15897346794113962,-0.18879237326165885,0.08196424870991895,-0.028038625450534708,0.028408902318683718,55.02288818,69.77344513,2.056551685879989,-0.0035392911723241,-0.0035392911723241,14.18,0.036797964121909894,0.06383652801169953,-0.013155990728523907,0.08494604322670793,0.01681997664409001,0.059921240300079094,0.021835470724940707,0.07439826986373105,0.03720087826640067,-0.01656188066040805,-0.05497337046371134,0.04387208901499132,-0.1891431807033112,0.15017685234685244,-0.18258872915481625,0.06345412721950676,-0.003313113021300603,0.01346968241026067,66.73245239,71.73248291,2.907601355776819,-0.0165246909332865,-0.0165246909332865
10266,1101680.0,125,0.0,0.013473461269568273,0.07133608580948886,0.08195439174804378,0.06837516305072695,-0.04612692786916117,0.15939271563060534,0.018046107532807602,0.017620968695450694,0.09486945815583174,6.818187222201299e-05,-0.09918966304566013,0.01950021795233586,-0.09640400254739001,-0.02687819337370321,0.07221389813050179,-0.2644384091937185,0.054169320326699015,-0.14092877425936257,-6.529823082e-08,71.95600128,-0.20678756030426737,0.0158907132653601,0.0158907132653601,2.0,-0.007777637797384329,0.0039712117023324245,0.18777250969140044,-0.06139411159118798,0.08316442115755096,0.08392884965172855,-0.01009301185744052,0.0458065908469618,0.06120736070495697,-0.010821817209067237,-0.010141017644698182,-0.17582569928196062,0.12075585595692528,-0.2658269124095752,0.24947445441839225,-0.44746172193659883,0.13798952919301244,-0.1695016680045483,12.63139915,69.81752014,0.14790668974965604,0.0195930411129989,0.0195930411129989,4.0,0.010330492448718639,0.04085750305962981,0.10721133037682179,-0.043282922168770346,0.13655832670269324,-0.04925897933891798,0.10082010102327202,-0.0050093283398606175,0.07076505122231858,-0.024243879011555988,-0.08399739383225156,-0.0011675458625867302,-0.13584240296797062,0.04319784899949011,-0.0354474593453738,-0.2145593200969399,0.07588561759518916,-0.15271016585238675,29.35029793,68.94444275,0.6421287004413739,0.0158517125537957,0.0158517125537957,6.0,0.013138603678702607,0.06970639705332392,-0.016592443232806252,0.14925405875502926,-0.046930789827843496,0.09855843316404066,0.027418889322181443,0.06560729613153041,0.04797737569914804,-0.016538453143727077,-0.050101593324224605,0.043482878807930885,-0.13092846580947262,0.0687734985517228,-0.10270405442983525,-0.03610085228875754,-0.00102021045019528,-0.053667467301003205,40.88459015,68.58546448,1.4354306676836863,0.0040967066832651,0.0040967066832651,8.0,0.007931688279259413,0.06988957857289366,0.0033640055689991982,0.09358925410283345,-0.008713945025115265,0.08419010771739731,0.014017533491798153,0.0675298290772074,0.04402868233534848,-0.026129052268379364,-0.06386042070168246,0.06243604311806684,-0.1887309088234996,0.12704886593445086,-0.20992732777800702,0.09355716925768429,-0.045127133691635464,0.023775383489229526,49.44328308,68.802948,1.725651239141191,-0.0012107218330925,-0.0012107218330925,10.0,0.008161878477138663,0.06042580289669921,0.017727321682543346,0.09785793748907726,0.009430414642394195,0.027145831667594843,0.03665977942220365,0.057454852030127214,0.028731344591068745,-0.015710806859041592,-0.09140792033542837,0.061341034497888886,-0.20855086091303,0.17092631571973188,-0.1904076318846778,0.08108697602666316,-0.05603603791482593,-0.0032402590788276377,55.02288818,69.77344513,2.0052481682372947,-0.0035392911723241,-0.0035392911723241,14.18,0.030378443354765423,0.050348706113114275,-0.026038214653210035,0.08936190370490339,-0.00627615464443912,0.07714733052108448,0.02556194057179105,0.07683676627368823,0.023367979958410386,-0.030646822583004298,-0.07549634241256009,0.027983364524248534,-0.15380840729055836,0.13818880165107572,-0.20345558304039302,0.10130650594145332,-0.017963297157309654,0.034171260382984535,66.73245239,71.73248291,2.8791203238081975,-0.0165246909332865,-0.0165246909332865
10295,1117270.0,128,0.0,0.014239401713535934,0.07419592292989297,0.08235202090331294,0.10369033208718673,-0.050727967349573376,0.15706307963915042,-0.009833242670302193,0.03189907331267272,0.08707146022414158,-0.009970206742317113,-0.10589541550899498,0.023942254016824538,-0.11462510921428921,-0.05649612930949752,0.05086996135027408,-0.2642692243583936,0.0659848630026453,-0.14161801562019335,-6.529823082e-08,71.95600128,-0.20442153082268638,0.0158907132653601,0.0158907132653601,2.0,0.008494939338404872,0.017095377589627613,0.2126177108345642,-0.05541950156083253,0.07638698518565985,0.06927889276580558,0.0007226718239756494,0.04318677571454439,0.07233357840819878,0.008899535057443184,0.020998488710179206,-0.17625780988043113,0.13138780130227581,-0.26436428143910196,0.2543124444226379,-0.4552132383563356,0.16137311801200044,-0.15794284385310953,12.63139915,69.81752014,0.0970761642575772,0.0195930411129989,0.0195930411129989,4.0,0.01532470807079689,0.06209217113419059,0.10421701521754079,-0.05903124745215112,0.13011479888113262,-0.01948574880730381,0.10530693546400588,0.007883185547037153,0.06942739134067105,-0.011541468797221774,-0.0606645007741832,0.02942150172463963,-0.12137240402779931,0.05797667673154445,-0.03711526170921464,-0.20215207539791022,0.07597576102379056,-0.15620807483083524,29.35029793,68.94444275,0.6675346978278859,0.0158517125537957,0.0158517125537957,6.0,0.030509869288477556,0.089576484107179,-0.01288214098452069,0.1397495724117632,-0.05120702753681368,0.08129727130502837,0.048677622371440764,0.04683296217170124,0.0328227925777371,0.0052182573040028025,-0.06863351804396711,0.043315034267133776,-0.13481716171933741,0.07675563995935739,-0.11771961829665092,-0.006612457772644234,-0.021638236117379854,-0.041570217512833796,40.88459015,68.58546448,1.4083614678077563,0.0040967066832651,0.0040967066832651,8.0,0.019432778690736202,0.0631810429681158,-0.02785896142048968,0.0962374129585091,-0.015471142049480016,0.09218794167587337,0.04867698292820408,0.06939878675326978,0.01578824153615325,-0.013474818518106892,-0.08331996617485694,0.0701135348121003,-0.17807999115012207,0.13782958757210262,-0.18726331794607023,0.08687184381505955,-0.032970251779819035,-0.0020797983419613697,49.44328308,68.802948,1.7151135116288563,-0.0012107218330925,-0.0012107218330925,10.0,0.025075830812982952,0.0438419291847838,0.004293721360728191,0.06747173793295272,0.0036369413856285667,0.03364002725227161,0.06455160941951217,0.06568956899153494,0.01758366396904905,-0.013590946025594788,-0.10531001779674865,0.057015567058217684,-0.2087086330801845,0.1585141820832011,-0.19462058442281593,0.09561750478412616,-0.026379930364331852,0.0029472511985512524,55.02288818,69.77344513,2.1669325944432174,-0.0035392911723241,-0.0035392911723241,14.18,0.01124071031801928,0.07639707955851764,-0.001261484729869246,0.11970306232849519,-0.008989117513779378,0.05500072808188019,0.027598384724642253,0.057062977619755276,0.031674007736296,-0.02557751182061233,-0.07370320111444974,0.05731061502757019,-0.19091473735661696,0.1255823533319378,-0.18136112979283028,0.08598471216939538,-0.006571487860988919,0.005586602318310065,66.73245239,71.73248291,2.8053709682476615,-0.0165246909332865,-0.0165246909332865
12144,1106852.0,124,0.0,0.01530948854470859,0.0731256569204184,0.04851445279435275,0.10481657539213082,-0.04739809728213984,0.16570585223544868,0.009150157858953168,0.016341704921811907,0.11536944163008758,-0.019953674705145665,-0.09054689234845474,0.03253249854299902,-0.12078965687559953,-0.02808664853477589,0.05690468496441365,-0.27573389260795506,0.051102155968674755,-0.15483688076698204,-6.529823082e-08,71.95600128,-0.23218337669214612,0.0158907132653601,0.0158907132653601,2.0,0.011609409693949833,-0.008156864486677105,0.21959465036129336,-0.074979097876372,0.07309088530243732,0.06422693387741206,0.016860614728262485,0.04274305326563477,0.06728885589887204,0.007100976600909242,-0.007225597560996701,-0.14612479562416616,0.1376488741712647,-0.25872723994443386,0.25267817871541154,-0.4676321010057766,0.1436649376948526,-0.1742045416757919,12.63139915,69.81752014,-0.021914953984483176,0.0195930411129989,0.0195930411129989,4.0,0.02497784988737739,0.0557667629975991,0.09090695712610924,-0.06485806027760885,0.1431290173171433,-0.02017103910868506,0.11429604100981551,0.02137640689785481,0.09042460745632927,0.0014404370959232062,-0.060336734997734245,0.0037731773442020618,-0.12363276207294606,0.05835740375248888,-0.04746330762756134,-0.22966649132018988,0.0857757697201151,-0.13614724379864587,29.35029793,68.94444275,0.6730583680460048,0.0158517125537957,0.0158517125537957,6.0,0.015143442980811259,0.0754715992239103,-0.010226214669839646,0.13204011285901968,-0.06963961592958684,0.11054166440422897,0.03261243476303086,0.041522120853825895,0.057691371289068365,0.0030593668591308437,-0.06100687270378512,0.02946357768919477,-0.14223424972315607,0.053357364288719844,-0.11683315379694746,-0.03215590447376486,0.011466032990508385,-0.06805987216145105,40.88459015,68.58546448,1.3279725610346906,0.0040967066832651,0.0040967066832651,8.0,0.005624179176595644,0.04821949063499795,-0.010055694558506086,0.08788009803106421,0.0048712508887938395,0.07941894393144132,0.04789823210890082,0.07987582986058402,0.039149038048414735,-0.0006911770837630636,-0.061075084999148904,0.06955040382122749,-0.18128862237413398,0.14304994072245242,-0.19154591994807652,0.11119268743463695,-0.03340548427159941,-0.007401041448745996,49.44328308,68.802948,1.6883958971411208,-0.0012107218330925,-0.0012107218330925,10.0,0.016301000060828953,0.07680248271313567,0.006415688324595142,0.07551221316666326,0.027724571131625207,0.043212318625255465,0.07403623373574914,0.04415259924486243,0.008156518110452631,-0.019478492982045452,-0.10083275452428346,0.06717755019690655,-0.19901863488546248,0.16476884037651213,-0.215113506517159,0.07226213111204446,-0.0343550913736122,-0.00921790081745999,55.02288818,69.77344513,2.1515567870667245,-0.0035392911723241,-0.0035392911723241,14.18,0.04124276853323116,0.07875317170436014,0.003809582828898258,0.11960473155258053,-0.01966202731229009,0.057335233211161664,0.04833731313036623,0.08097179979206937,0.028601188566990024,-0.01912365988874421,-0.07192593305258635,0.060801606806960284,-0.18617784003482896,0.1457574936719053,-0.19960229023190582,0.0914521492908237,-0.027478365675165217,0.0049482476732595065,66.73245239,71.73248291,2.8633747723639082,-0.0165246909332865,-0.0165246909332865
13055,1102532.0,125,0.0,0.018179524508914024,0.05908759264226461,0.04986159501663258,0.10264568516734425,-0.052315303613652615,0.13310437849122964,-0.0009851808685343401,0.002050713723892877,0.1018498716889885,-0.008949447342113653,-0.09515106222945405,0.056310406261748006,-0.12543154099084547,-0.02261086751667559,0.08322221742917296,-0.28033198856282154,0.04140894830512274,-0.14073918238384284,-6.529823082e-08,71.95600128,-0.07030579222261236,0.0158907132653601,0.0158907132653601,2.0,0.01608888154715922,0.004305571347985313,0.19654517394825535,-0.06671033802476167,0.07653388516393651,0.07344122718766956,0.008484822841309012,0.04984728582373708,0.06132250266390743,-0.002599694905828855,0.0032171167527342177,-0.17573382635206936,0.12030166903907276,-0.2801739897380201,0.26379565876084565,-0.43899341985325785,0.1254942276592154,-0.1821267276600251,12.63139915,69.81752014,-0.02213974839567355,0.0195930411129989,0.0195930411129989,4.0,0.013805754835777152,0.07118408548214304,0.10827786676377926,-0.03791079105600139,0.12276506362671236,-0.03145031924788967,0.10934670529382835,0.017262040201635902,0.06748910594364141,-0.007769520439757154,-0.059887526320443696,0.018454147447803857,-0.12902704877781326,0.027949311589412138,-0.043361070937079596,-0.21612718288969707,0.0684520630797766,-0.12474477884648241,29.35029793,68.94444275,0.6442003002268321,0.0158517125537957,0.0158517125537957,6.0,0.001317759688133694,0.0647871679268641,-0.0235015111321253,0.15284952435058824,-0.04490277577210201,0.08361609838321002,0.03342444793068995,0.0705159718215547,0.03080243375143449,0.004666248215421944,-0.0865717207017099,0.04711767080424985,-0.12824182106027177,0.086465352864906,-0.1056682665401674,-0.02476200980121844,-0.010849350560081125,-0.04192961981085012,40.88459015,68.58546448,1.4073227485074042,0.0040967066832651,0.0040967066832651,8.0,0.018161505514838912,0.06847741804156779,-0.008269051890174668,0.12286896758528555,-0.029568144667989155,0.08506505484698615,0.014448623851664559,0.09588164982093862,0.02690107495202531,-0.024053970073537517,-0.09206487670546061,0.05785228544094638,-0.18877797666470672,0.1316424689218884,-0.188087181048021,0.09522739602854784,-0.07031817673791975,-0.005362444437465497,49.44328308,68.802948,1.7437895969730353,-0.0012107218330925,-0.0012107218330925,10.0,0.04464011152378154,0.07039584123276321,-0.014421663292644342,0.0782556151906977,0.019630429613291263,0.026770595180601413,0.04161554926974374,0.04700131038459785,0.021814947310915475,-0.008005445708434748,-0.1010498081583579,0.08954063756620118,-0.18346009503472116,0.15269357990468269,-0.19658443840365,0.07752595546319369,-0.020724894023904438,0.0028937205256562726,55.02288818,69.77344513,2.16916508958717,-0.0035392911723241,-0.0035392911723241,14.18,0.034709241904819374,0.06220381293397602,-0.02516931715644438,0.11197419177052148,-0.008125446606793544,0.07453428392256661,0.022112730684289515,0.0787223828736661,0.03298592063540995,-0.03841849076814677,-0.0811789418837461,0.03635905952011084,-0.15480347746989956,0.1323142661916197,-0.19148539428057304,0.06563787297581783,-0.0011426794543826571,0.015723467713518437,66.73245239,71.73248291,2.9368825472091897,-0.0165246909332865,-0.0165246909332865
559,1107299.0,156,0.0,0.01407729326841958,0.06683730875996266,0.05438104158508003,0.09887400970279206,-0.04657343966343391,0.14975279523638876,-0.00539489597186399,0.010864884910794808,0.09447468045845721,-0.0026719524322610733,-0.0812754608936659,0.020374198838664585,-0.12788973771530704,-0.05534193566340473,0.05886574254752864,-0.2609435516969104,0.03774458714935128,-0.1579306116928206,-6.529823082e-08,71.95600128,-0.1674439770911431,0.0158907132653601,0.0158907132653601,2.0,0.013709034246602195,0.009859543859488142,0.2066272218025974,-0.05429288413412678,0.08388617494145893,0.07596573643648527,0.017466452577664555,0.030634092873205593,0.0700954297614161,0.005282245840488516,-0.0054384825796683234,-0.17437219385646568,0.12311075837320956,-0.29057555197844004,0.24743272348933376,-0.43753945906564823,0.12522431383526497,-0.1606150786576192,12.63139915,69.81752014,-0.0055582474582850094,0.0195930411129989,0.0195930411129989,4.0,0.028822375977986512,0.06087280191011115,0.12501207705958672,-0.03668244459438033,0.1526445931036162,-0.029820690933291198,0.10258852808967245,0.0020440073006587674,0.0703626462131548,-0.004991385662668286,-0.053646114919485496,0.012168666907367093,-0.12134451740686648,0.051779390147040937,-0.056704208065188326,-0.2223332347914329,0.07793789015101364,-0.14150421220953086,29.35029793,68.94444275,0.634892639391428,0.0158517125537957,0.0158517125537957,6.0,0.034409559874239465,0.08807863651248571,-0.02107783476577359,0.12815684404688282,-0.04722733568881044,0.09464909474815456,0.023509902704136124,0.03582491375353221,0.03499776803780881,0.00636120341742708,-0.05924931836852663,0.03578113596750227,-0.12390717804050407,0.05745794683476349,-0.0964221177096323,-0.021154433794731663,-0.02765806153276358,-0.03527825189161382,40.88459015,68.58546448,1.3209263363539867,0.0040967066832651,0.0040967066832651,8.0,0.014785017725533612,0.08152259724450273,-0.019787173660771942,0.09085577627168225,-0.002059208478852336,0.07479414398659905,0.033124726915862275,0.0754790559120669,0.021423053259052378,-0.01732004406470211,-0.07234807585046858,0.05430443233676455,-0.16589421416861203,0.15097199506709535,-0.186153381609216,0.10094088189402592,-0.039790894151026934,-0.006554917306855344,49.44328308,68.802948,1.7754868478568513,-0.0012107218330925,-0.0012107218330925,10.0,0.008645751992838312,0.04420557896475121,-0.016158303057396132,0.08443536735595979,0.030016668352607932,0.02379782141211547,0.035936219100262706,0.0516884457773688,0.022032226343503682,-0.017484007171649482,-0.07225228033813065,0.07432023978559874,-0.2097685702074232,0.17520958081240232,-0.22257269151814252,0.09329210502467175,-0.03883888568267773,-0.005889355759650033,55.02288818,69.77344513,2.0279670899667486,-0.0035392911723241,-0.0035392911723241,14.18,0.03237699310744731,0.04244923193641856,-0.015930863992833708,0.12206995917435079,-0.005906188251149358,0.04686320518002986,0.02464453323048152,0.09155149326867251,0.02305312483695502,-0.040259835560806034,-0.06704490334074192,0.035760879201240145,-0.1597912935597127,0.13287690823318712,-0.18893621385687673,0.0909714337556897,-0.01446318157230466,0.030201104910302166,66.73245239,71.73248291,2.9549438112569906,-0.0165246909332865,-0.0165246909332865
1573,1103288.0,130,0.0,0.0178393894477565,0.038077904586208966,0.05516518991024658,0.09072812527335987,-0.062095925809618126,0.13349024899063444,0.01914318624195304,0.02776155853543232,0.09094054296362622,0.008079347295783594,-0.1081898257105947,0.050772087847787334,-0.11258888594386435,-0.03721625851488732,0.06583979892194504,-0.28403442036510584,0.07022232296449372,-0.13420175375324586,-6.529823082e-08,71.95600128,-0.221284072718421,0.0158907132653601,0.0158907132653601,2.0,0.009513008130866798,-0.010704090867594333,0.20014350217299648,-0.07349881852471533,0.07969031268933213,0.08609641062309308,0.000771071266089989,0.047726255405088895,0.08799764090211931,-0.0105535526653753,0.016602831754804558,-0.1599054823390005,0.12372671047992703,-0.27756609515533354,0.2466990475904719,-0.4589954395822049,0.16023591159139647,-0.1930825573681761,12.63139915,69.81752014,-0.013885545135590191,0.0195930411129989,0.0195930411129989,4.0,0.016435613353534315,0.05415836887224307,0.11442916096772572,-0.04660898798099209,0.14289581846206148,-0.0441050002683417,0.07653442540061708,0.018560021593626137,0.06198838759065467,0.010535194568002221,-0.06364309942426277,0.025729724805794517,-0.13222496392188895,0.047614528390621025,-0.050313031842485964,-0.21064575829386153,0.08855414549749545,-0.12931560533407355,29.35029793,68.94444275,0.73807335500734,0.0158517125537957,0.0158517125537957,6.0,0.007089122979980298,0.09330299824037529,-0.012837580174253776,0.1393767970888338,-0.03168455359080517,0.0777634558244236,0.06065927244263523,0.05641559163586253,0.04111060821475324,-0.025853938861604996,-0.0767679214485497,0.022837828391535746,-0.1287451896416672,0.08790483848322017,-0.08706890590691962,-0.033037870056554675,-0.013483779024205268,-0.05846728356262311,40.88459015,68.58546448,1.4379875899783308,0.0040967066832651,0.0040967066832651,8.0,0.02826178934570103,0.08384405994011404,0.003726282038050102,0.09926991696516173,-0.022679128136788095,0.0635297383941286,0.016629185118497928,0.07137350189762329,0.013340328236118842,-0.00809245356909042,-0.05844380595159947,0.03797260935759451,-0.18483504033289128,0.14074959482443863,-0.1870258461041645,0.09797711511938592,-0.04194837087118289,0.01071102582893482,49.44328308,68.802948,1.7874194997577897,-0.0012107218330925,-0.0012107218330925,10.0,0.008457236553455462,0.05353386772758362,-0.0015313942264037993,0.07821624960624168,0.022064438944445198,0.051492055005263535,0.06748879157259952,0.0712378464413456,0.026549312914787213,0.007378504447574787,-0.07765552460841457,0.05793107246101461,-0.19970063865699245,0.1489942266427055,-0.21730977341734994,0.08259147714036068,-0.023918146379906934,0.0009229511467327822,55.02288818,69.77344513,2.025500855565038,-0.0035392911723241,-0.0035392911723241,14.18,0.04235565952511744,0.07800325741981896,-0.02278428118783912,0.11725854497445909,-0.01285555493370224,0.06767337418579414,0.05509572647528252,0.09021218484674766,0.01071024709554212,-0.02479866196433244,-0.04728291968669889,0.027815306333699392,-0.16807766192288512,0.14132964836119752,-0.19037090830614586,0.06873454081008314,-0.032716925879214376,0.020737406577002654,66.73245239,71.73248291,2.9100605475283583,-0.0165246909332865,-0.0165246909332865
6217,1104903.0,174,0.0,0.012132078052347943,0.04133170917304821,0.07942537862161245,0.10162295406425803,-0.07328561670442756,0.1643925680055581,-0.011517053999733245,0.03198104761331972,0.11444189038422911,-0.007612717328708616,-0.10005779126192735,0.022237000412228997,-0.12210967355311456,-0.048365973579597835,0.05124729521414079,-0.28435928953125306,0.06358269351801807,-0.14623398080104935,-6.529823082e-08,71.95600128,-0.06694965954318981,0.0158907132653601,0.0158907132653601,2.0,0.010728414926783699,0.010587839363193524,0.2175564274627686,-0.055386881474613694,0.08584791440555688,0.08346084829256535,0.002914291502097337,0.05280988182483996,0.06846585293575855,-0.017415555384166035,-0.004540117197689368,-0.1445385332546955,0.10640244243300134,-0.28295600991122166,0.25116864238658265,-0.45861945289718226,0.1298727755273061,-0.1674599787030055,12.63139915,69.81752014,-0.02132847714329196,0.0195930411129989,0.0195930411129989,4.0,0.016363611109577774,0.05723193392701213,0.10480443615486852,-0.037301856087436996,0.14091679339995195,-0.02468630499291815,0.10464432458970124,0.01276603361034803,0.06657947352649696,-0.007196484712989537,-0.052560330485296534,0.012402827365567625,-0.1441592982384343,0.06402224522693689,-0.04202292725984624,-0.21323308772442093,0.07641050021470373,-0.131142008423144,29.35029793,68.94444275,0.6033403945420125,0.0158517125537957,0.0158517125537957,6.0,0.030820617235675828,0.07880503275938786,-0.0072146242631504175,0.14043441066330398,-0.0396805202784948,0.11235359695786072,0.048294517258744264,0.049655921138764034,0.06063310011511486,-0.004854476514173458,-0.081688123507851,0.049825141717644295,-0.14779362394164455,0.08317774409428065,-0.08302808565077555,-0.04133174176886771,-0.024440175483337153,-0.04117452387511923,40.88459015,68.58546448,1.3302992284193798,0.0040967066832651,0.0040967066832651,8.0,0.04418635325355166,0.056123986357142705,-0.004320344559654072,0.124041265573237,-0.018812166417180524,0.0590024947756182,0.02796322886231677,0.08843740807794549,0.03140417137084213,-0.015665551219115587,-0.06791096879602407,0.05669551133949003,-0.1905194928129594,0.145785865163318,-0.19827953199183843,0.07814390895184781,-0.05592786175446876,0.026313922773000237,49.44328308,68.802948,1.8161642760468515,-0.0012107218330925,-0.0012107218330925,10.0,0.022947524437105786,0.07944909310817776,-0.002156920580338544,0.07327679146299476,0.010980123348031922,0.026588341290086137,0.05076231059963428,0.0458309657576224,0.026270692298394977,-0.024769057403046274,-0.08300975030496668,0.05641962386826082,-0.186466296450556,0.15093791854772137,-0.20028011959941414,0.08592521850128211,-0.04838163253875564,0.01129784455138979,55.02288818,69.77344513,2.053769546777128,-0.0035392911723241,-0.0035392911723241,14.18,0.03918558444499049,0.05449468923064848,0.009860962950816392,0.1211750796734942,0.004603862579008335,0.044657641684249134,0.018296120863658207,0.06381883270453281,0.012760141531521357,-0.040794895730433586,-0.08130613883207216,0.03667170939081458,-0.17874617786221703,0.15371612267561272,-0.19979017906694835,0.08097989927072846,-0.007792811841002177,0.015290035984301429,66.73245239,71.73248291,2.840677106836669,-0.0165246909332865,-0.0165246909332865
6586,1106547.0,156,0.0,0.014413518256470428,0.03765995592495823,0.06788036561939272,0.08680712369992478,-0.06267972943762465,0.15643950624268665,0.0203572429608047,0.026172442520314275,0.08743353149461736,-0.010587309168019324,-0.09226382562138923,0.030323443060545657,-0.13016404627852976,-0.018431231426832864,0.0763619551093054,-0.2616725189645291,0.05453812251291326,-0.15726668008251332,-6.529823082e-08,71.95600128,-0.18888687181922875,0.0158907132653601,0.0158907132653601,2.0,0.013214413922540025,0.018429616404780545,0.2170194173395915,-0.08201944465637644,0.07717691220627043,0.08459470744107377,0.01886753572243836,0.04887275090530034,0.09689317862539343,-0.003979269706380865,-0.0017157434176223244,-0.16481723353214567,0.11497671120858992,-0.2849967157769608,0.260381607357581,-0.4360020348905264,0.13677447495352674,-0.16706657222191307,12.63139915,69.81752014,-0.01681257261272505,0.0195930411129989,0.0195930411129989,4.0,0.01991427603989558,0.036819129918388496,0.12539128974804975,-0.030080107068228154,0.13589685403124466,-0.03919650995444634,0.08667697422688628,0.022007237280882816,0.05733497026670843,-0.009111438094379911,-0.07399460492970333,0.02688030341945023,-0.15051013282145737,0.03750877375283562,-0.061292504210307665,-0.20386416303885757,0.05619919636034133,-0.13045457702046273,29.35029793,68.94444275,0.7431949759498147,0.0158517125537957,0.0158517125537957,6.0,0.03002053801673231,0.08673798733659265,-0.010649327357586724,0.1258791170992533,-0.06872416746687181,0.091391616906186,0.040191155869488134,0.07087198073634977,0.048206321290787904,0.00883313919914309,-0.06775005789535757,0.04637269757393072,-0.13173868296889818,0.07134973366200593,-0.10197112928564593,-0.040084770926008234,-0.01737574037143625,-0.06595391937634419,40.88459015,68.58546448,1.3954406718123384,0.0040967066832651,0.0040967066832651,8.0,0.041073675624737786,0.05889283752209164,-0.020017241297912207,0.09143500569742301,-0.03213061261377583,0.08064220624036304,0.03629203078411163,0.08161351888941838,0.013152655153144108,-0.019782974462498798,-0.09607145365664657,0.07010305923982194,-0.1832390837190319,0.13227258623414095,-0.22300704752519912,0.08318474522266676,-0.05478044688596465,-0.011578020999581506,49.44328308,68.802948,1.8381974171478996,-0.0012107218330925,-0.0012107218330925,10.0,0.019358812965885958,0.06263019731381002,-0.012501317077448552,0.0788471825396935,0.005992853559838511,0.048955016446570826,0.07159663595282836,0.04159384286657742,0.028826202901705678,0.005146793387923062,-0.10636445331254944,0.0634533468748915,-0.20469216021974126,0.17930515267737618,-0.20511411980081717,0.10034387229940163,-0.032223710012688714,-0.0029911829474695596,55.02288818,69.77344513,2.0609745356051135,-0.0035392911723241,-0.0035392911723241,14.18,0.038421627189350493,0.052851807362467154,-0.008116969095494812,0.11414094511232457,0.0186424916335327,0.08050794765636962,0.025986769428302407,0.0663933494296721,0.030530056044438286,-0.030886133658287775,-0.08253271163069728,0.026839725526678977,-0.1912397800308878,0.1594126269346775,-0.1977848872402355,0.0807401187100286,-0.005564475872897868,0.0034330876710743467,66.73245239,71.73248291,2.8585038411495254,-0.0165246909332865,-0.0165246909332865
7248,1117952.0,138,0.0,0.019692342601259995,0.04888256669540375,0.05602529569570926,0.1015341253414723,-0.05745291191712906,0.1651651331328779,0.006098099188036518,0.03100484080053841,0.09020762733271749,-0.019724916549253783,-0.10180834141919308,0.030434792489041566,-0.10068771598266513,-0.04773169183841638,0.07709146415837072,-0.26337851174083377,0.043841457902404984,-0.1475760967397025,-6.529823082e-08,71.95600128,-0.12995031896948414,0.0158907132653601,0.0158907132653601,2.0,0.0013532284619743717,-0.012297561541415005,0.20582765382764784,-0.05373194107062031,0.06090260889231831,0.09057704169416993,0.01820054066288846,0.03589797666003867,0.0653875350968795,-0.0014227547825731185,-0.007289258281577539,-0.15330892085911407,0.12192407341428953,-0.2535155151622703,0.245305025608505,-0.46680858862999086,0.1560215797803196,-0.15817463708723034,12.63139915,69.81752014,0.12689167258383538,0.0195930411129989,0.0195930411129989,4.0,0.023053192877066652,0.07122147788979508,0.1162835302237708,-0.051850838270890424,0.1332662011690982,-0.02387442351025978,0.10911407413563215,-0.004474860326987474,0.07163947937987347,0.011851779252776124,-0.04943640447505212,0.01286706172897279,-0.14567607123700527,0.056307038524161475,-0.06540492143852503,-0.20275104452473164,0.05825421821051143,-0.13548151818595272,29.35029793,68.94444275,0.7482019921693086,0.0158517125537957,0.0158517125537957,6.0,0.0017845428513088776,0.06458452404485404,-0.01333187075043379,0.11847774034016993,-0.06750787652788467,0.1084439442275237,0.04150614419827586,0.059676306051770836,0.050857755856164984,0.0007887455171034907,-0.06334583619539522,0.055535594952036825,-0.15090275998929448,0.055954853107752764,-0.09117435415466188,-0.026763805127847175,0.009898999013701528,-0.03546978323000491,40.88459015,68.58546448,1.318505036579923,0.0040967066832651,0.0040967066832651,8.0,0.009170321789873459,0.04949388000560631,-0.0184033689127648,0.10339559028949914,-0.007255451744707731,0.09258963380235923,0.03754387387662102,0.08624278982143224,0.01597285666643425,-0.03105883870311355,-0.09540293669371763,0.036195279494227066,-0.17039539052706304,0.13495736617034626,-0.21728465356120372,0.09751934932931547,-0.041840596009189025,0.009171906349354338,49.44328308,68.802948,1.6676206262104265,-0.0012107218330925,-0.0012107218330925,10.0,0.007648198800134533,0.08111451920791572,-0.013318287888428496,0.10228286540655171,0.028784312465754122,0.05562758794177843,0.06709192333248844,0.07217374934592335,0.04657527155048696,-0.014093132036422814,-0.0720132214877841,0.06602240063025965,-0.19112567517279763,0.1722524813075288,-0.21278427987652437,0.07357024483943408,-0.044679701613277785,0.024176347387836687,55.02288818,69.77344513,2.1328641830686594,-0.0035392911723241,-0.0035392911723241,14.18,0.039181081984755804,0.06918494215386059,0.004346443721796657,0.08902995711778822,0.00975852748111971,0.05646485410642786,0.040795057089618614,0.08062765526790913,0.0015967407184796223,-0.028148002260343894,-0.05573235165961328,0.054629586260444445,-0.18803488633693288,0.1598185555254888,-0.20162147961056748,0.06982552620236693,-0.032938948769499495,0.008555319791680132,66.73245239,71.73248291,2.942887906319491,-0.0165246909332865,-0.0165246909332865
8151,1101260.0,130,0.0,0.024556432602567506,0.07188694536768145,0.06307085320082223,0.08679794458585004,-0.0735057465692785,0.15768284699805105,-0.007454280685891272,0.0020637458041539297,0.11580672403244052,-0.008077840490769974,-0.11239242866128125,0.03124639108739267,-0.09975002924607765,-0.042204158676466444,0.07640018212856393,-0.27159886360222146,0.04494007937589257,-0.14480136459336154,-6.529823082e-08,71.95600128,-0.1454632370527078,0.0158907132653601,0.0158907132653601,2.0,0.007445642920310969,0.01026123105237895,0.21652571659250994,-0.06850181306792204,0.09195501223559716,0.06463313085263711,0.01052244462252271,0.03775239259766469,0.08683172466523385,-0.0049712133127971445,0.005786962561783482,-0.16008089631507494,0.1350479157561059,-0.2863684104264995,0.26314685189806714,-0.4543244936037777,0.1318308145713706,-0.18566983285936084,12.63139915,69.81752014,0.02315632988073353,0.0195930411129989,0.0195930411129989,4.0,-0.0006208396512059171,0.04152068728500543,0.11548426917099022,-0.03007132504018813,0.11945139538663997,-0.03208317361487031,0.07846117948710266,0.009603976392598707,0.05747013333741694,-0.004979527822122317,-0.04755951670070617,0.0026352891234050595,-0.1494385169654651,0.05309060298748609,-0.042494354826262785,-0.22218334925811256,0.057264487270684755,-0.14800542687975113,29.35029793,68.94444275,0.7419446223860365,0.0158517125537957,0.0158517125537957,6.0,0.013737953180128624,0.09606385499444912,-0.0326668475152848,0.11743404265897092,-0.0637808174154616,0.08907649351458603,0.055440836616398925,0.03238107085120551,0.05539884625145893,-0.023073405400678888,-0.059341812026624544,0.04566798666835289,-0.1172208838504111,0.088439588002579,-0.1123775308256386,-0.005867257822730974,-0.012449980112478193,-0.06242221265765597,40.88459015,68.58546448,1.3396639214020354,0.0040967066832651,0.0040967066832651,8.0,0.014621853695786403,0.047991167061591046,-0.0029225381751101075,0.11307882010019765,-0.016526091479641264,0.0753479729339127,0.015802844688648753,0.06662228675901907,0.026310094385684844,-0.02066918041111267,-0.07064648674667662,0.04711353617657166,-0.18791085244654265,0.1620681726908147,-0.20394856096728542,0.09857636664917373,-0.06810806889626968,0.0193754801419306,49.44328308,68.802948,1.8173615692280323,-0.0012107218330925,-0.0012107218330925,10.0,0.02926357940512484,0.0733830850307721,-0.00848657280108644,0.08902799949005294,0.025328026024389067,0.020250145571100386,0.047971856865735144,0.07073758701876376,0.022557940702409185,0.004254225404354946,-0.10264864831157564,0.07179199408522097,-0.21779752599878172,0.14836076612335453,-0.19776826087026633,0.1068816088183278,-0.024048421780041115,0.021586927562509028,55.02288818,69.77344513,2.1456461771686146,-0.0035392911723241,-0.0035392911723241,14.18,0.023608524736615052,0.07230618987636797,0.007324056181518039,0.10549056488842189,0.011989553166073927,0.05473375125805093,0.05148481153872639,0.05781689503990424,0.022989440722731364,-0.008831392109438818,-0.04892015590662785,0.037832977602213616,-0.16383549354581686,0.12571689436374778,-0.17507019364504228,0.1004546071417516,-0.018077851234616932,0.01373417433549465,66.73245239,71.73248291,2.81250739156821,-0.0165246909332865,-0.0165246909332865
8862,1122468.0,130,0.0,0.015953254772964276,0.06629755057668646,0.05184881569546388,0.09382119746178443,-0.06157443418262287,0.16444081500412436,0.009651097571431603,0.018632034641184014,0.11331767164808211,0.003347053810700254,-0.09266370489727038,0.03619135067022519,-0.13084067556412604,-0.022438291346576218,0.0645948480621331,-0.2890380189197557,0.03714389931532329,-0.13670913126992876,-6.529823082e-08,71.95600128,-0.1597911103637192,0.0158907132653601,0.0158907132653601,2.0,0.010276490864423645,0.01667656593340191,0.21068421136046242,-0.05639986167685179,0.09080985685815213,0.07378084366223131,-0.015266803012737161,0.04985860211548722,0.0642610222914391,-0.012113063985483457,0.006732505290956774,-0.17199635105237832,0.12080358636578487,-0.2545349692017316,0.25657506178090705,-0.4575099436790137,0.14336262324468005,-0.19243642736145883,12.63139915,69.81752014,0.07409044823021937,0.0195930411129989,0.0195930411129989,4.0,0.032020813847281296,0.061671602712645227,0.12595390599355805,-0.06253198957145414,0.13208670748378526,-0.01927133851145119,0.09366202469071037,0.01536133166218203,0.08833048442722272,0.004230539448989677,-0.049187953557668154,-0.0027413035980026965,-0.12145450133924174,0.047912733586411994,-0.04793199596598509,-0.21722636047577862,0.08818002462745762,-0.15923921411225872,29.35029793,68.94444275,0.6101203500347392,0.0158517125537957,0.0158517125537957,6.0,0.0012739939602827745,0.09222445035038071,-0.02275542457393567,0.12838751171052576,-0.036479856496039784,0.08074686534691224,0.030729483296392905,0.056258441719505434,0.04620250897764894,-0.018474329521947393,-0.062318494152469914,0.017911757640749284,-0.12187001979540502,0.05630983232346685,-0.09313468431008412,-0.023002173646492874,-0.02008634220908855,-0.03688766927706571,40.88459015,68.58546448,1.403445794566241,0.0040967066832651,0.0040967066832651,8.0,0.036990605330444126,0.08059705830833322,0.0058222179156321476,0.10030116587124947,-0.011913129195069911,0.0672336989709512,0.03775556251273968,0.060410234148146086,0.025334773143442922,0.0037274111191974296,-0.07251147882037384,0.0413616778204312,-0.1809690892888251,0.14598498037698307,-0.21227936228075486,0.10229486353667838,-0.05577762358226619,0.027508865530645705,49.44328308,68.802948,1.830683783545207,-0.0012107218330925,-0.0012107218330925,10.0,0.03002058509250244,0.07651716098069641,-0.013463528459206536,0.09267845895296054,0.029727581116752645,0.021899414688093276,0.042596970749532656,0.03916768225148716,0.039077431041796534,-0.005101848539232827,-0.07574817736880043,0.08929660213911048,-0.2177648149532429,0.15889183921324457,-0.19739211109153143,0.07539141146611451,-0.019453849269434928,0.023837249530826124,55.02288818,69.77344513,2.167787199639562,-0.0035392911723241,-0.0035392911723241,14.18,0.04223758902953378,0.06854869884312532,0.0003754746006994561,0.11353538242270132,-0.011638510683311025,0.05301622132710447,0.05358953296802514,0.059637099248366424,0.023404519867954738,-0.031554281192809626,-0.07009464507294497,0.03354139264118556,-0.19267650436476555,0.1220605304506451,-0.18190882622215301,0.09294590937393798,-0.005144285448298674,0.014325378819371022,66.73245239,71.73248291,2.801647718662204,-0.0165246909332865,-0.0165246909332865
10891,1111002.0,124,0.0,0.02047783713858933,0.07471241306546562,0.0768561908657447,0.08175736234085679,-0.048930952396291486,0.15015074120026073,0.0191557249813978,0.0035567165889948613,0.0956879184872144,-0.015769817160061702,-0.08648076000593084,0.024413323095273966,-0.11636231523219721,-0.03944962063091634,0.05265564350752018,-0.28946677041585056,0.0460560871033345,-0.14988455572060788,-6.529823082e-08,71.95600128,-0.14942342086523439,0.0158907132653601,0.0158907132653601,2.0,9.088520741026666e-05,-0.007587175283984666,0.2132605709787222,-0.07527730700438096,0.07020572200200861,0.08066159750672056,0.004490982165215709,0.027892001560652756,0.0795933613600124,-0.010938538551516974,-0.008159489690403695,-0.15410251792520221,0.1198785897015963,-0.2701016417372379,0.27011871434841267,-0.4477429082301118,0.12397067630174105,-0.18735389208141445,12.63139915,69.81752014,0.1279967733426546,0.0195930411129989,0.0195930411129989,4.0,0.01378603407112226,0.03511340447064741,0.11613835504926151,-0.029320644263700978,0.1285492564239698,-0.037207829716161475,0.09766935937028629,0.003467470249062362,0.09191297304649099,0.011193655755853337,-0.06536205253820294,0.019957304566873352,-0.13266666686035553,0.04335223231673006,-0.03492833624374083,-0.23106521600925795,0.06902281249332105,-0.1367614342802747,29.35029793,68.94444275,0.7602986717007215,0.0158517125537957,0.0158517125537957,6.0,0.006235311474671577,0.09122557376806376,-0.044486834414820875,0.12580109470843426,-0.03269495270869405,0.09240197299935594,0.05728438467249088,0.03625735423279512,0.05226684331846672,-0.025302930736473266,-0.04859723644187154,0.036822797491750214,-0.12962520905192024,0.05775546164108419,-0.0960170657093058,-0.0035201181514158027,0.0004985196508335201,-0.042940592563286056,40.88459015,68.58546448,1.3211644957975013,0.0040967066832651,0.0040967066832651,8.0,0.015003248245781163,0.0498254458125484,-0.01325009111724851,0.11061458720072417,0.0017449495977723117,0.06808361024714524,0.031046562585549033,0.05943499764751843,0.04925995098435363,-0.018370828980615872,-0.05930622097645795,0.05808410802995338,-0.1730266478352665,0.1475710275515976,-0.18716434126594614,0.08960294241754266,-0.05796810472764929,0.019899206719698026,49.44328308,68.802948,1.8213822895618548,-0.0012107218330925,-0.0012107218330925,10.0,0.035777061865481394,0.053927958201512256,0.007058292449362073,0.10391744155962539,0.02884079560626364,0.04281089109586848,0.05631447299563279,0.07179302616324604,0.011568866973413677,0.0043473651364347825,-0.09806995586063104,0.08861409334496305,-0.22073461497808722,0.1819325107457711,-0.2237508825748165,0.08392035321997218,-0.042663996743871765,0.003380207806541781,55.02288818,69.77344513,2.049531931089579,-0.0035392911723241,-0.0035392911723241,14.18,0.027506616170611044,0.06405584103648784,-0.0192199536129153,0.08724859726926495,0.014279103951855372,0.04549942010988113,0.048993557290351125,0.060396781246716366,0.026214234832331398,-0.02559710265654616,-0.06952473233735922,0.031300490704693526,-0.18381645804252125,0.1369473159179972,-0.1828809978484323,0.08738449991542421,0.0003065236814170022,0.02026122888138498,66.73245239,71.73248291,2.885508656774553,-0.0165246909332865,-0.0165246909332865
10925,1101410.0,120,0.0,0.019911073569104043,0.0671414214750129,0.06464964545358827,0.0979675550692098,-0.05263626836954629,0.1575457970355407,0.0014188162570341776,-0.002128783777759456,0.0832212512236797,0.002242858686681184,-0.07805716129900965,0.045658967622404796,-0.10356359178982462,-0.022587650297433717,0.0594152174879093,-0.26972964809471156,0.03819711688122904,-0.14574601539838913,-6.529823082e-08,71.95600128,-0.216060928544336,0.0158907132653601,0.0158907132653601,2.0,0.009638666392147732,0.0025129316339646303,0.21748618962045935,-0.06206117776537118,0.05699375471097044,0.09125247539128045,-0.017738103710775773,0.04391417249942119,0.09524252310432202,0.005535959756627412,0.02161940933029717,-0.1695478735902735,0.13764934359712092,-0.28736063925809263,0.24575611678802517,-0.44945762303898923,0.13920107388900746,-0.1933195018465942,12.63139915,69.81752014,-0.03149028945419506,0.0195930411129989,0.0195930411129989,4.0,0.015603849908188028,0.05854617218730941,0.11822501134855563,-0.03143534865127424,0.140877164415411,-0.04246646217683861,0.07720304980725919,0.017678092493755564,0.0738046742919299,0.0014856136653698098,-0.049238928749054015,0.033327358403612006,-0.15019157779475412,0.036645782886401634,-0.060520479793220255,-0.2307875988308713,0.07754685619813544,-0.14585697905217684,29.35029793,68.94444275,0.6634932254014074,0.0158517125537957,0.0158517125537957,6.0,0.009735722732849002,0.06725050151370979,-0.0353577764717139,0.1554501287243196,-0.04877234115222008,0.09328703876857825,0.04573945862847236,0.035798131792235316,0.043069878297096596,0.007414741769356534,-0.06843353147133865,0.054805422487526075,-0.13570155202522038,0.08615299509096265,-0.08332472652369706,-0.03502263877360523,-0.022176826054891026,-0.05068528772834722,40.88459015,68.58546448,1.395868341631415,0.0040967066832651,0.0040967066832651,8.0,0.011595377223182244,0.05694490958522477,-0.017005180733024254,0.09270467610187536,-0.010575125271519752,0.07887702368446942,0.04074307111054095,0.07306774596129093,0.03223060682297344,-0.016463969729997384,-0.07213697007162659,0.06599916482206555,-0.18138499427799043,0.15217024902211865,-0.195876534551535,0.08685329323409588,-0.0657148702522531,0.017782628677932996,49.44328308,68.802948,1.8274837552005667,-0.0012107218330925,-0.0012107218330925,10.0,0.011743524355197628,0.07148190422272555,0.016268495990582908,0.0896594552245128,0.019835658602431486,0.038646686618087386,0.0668183070420954,0.05044787797497405,0.030582198949437072,0.0018206652952536678,-0.0861235373880153,0.09101745026535078,-0.19030026787593715,0.1440190674122603,-0.1926038310270337,0.10450975986398367,-0.034596142535221294,0.0036554713971946795,55.02288818,69.77344513,2.1641109915243275,-0.0035392911723241,-0.0035392911723241,14.18,0.01260803309472164,0.0697990991373178,-0.017447446553758753,0.11229384013726149,-0.013786743779416851,0.04979203372571406,0.03992441298390546,0.08645769025320532,0.01994181091848921,-0.04051262853076263,-0.07481573605936628,0.04369146038620142,-0.1697985663801246,0.15318627031818555,-0.19909547411961498,0.09244239172037606,-0.005867274092438167,0.02790638076806272,66.73245239,71.73248291,2.870709359036903,-0.0165246909332865,-0.0165246909332865
11941,1106179.0,135,0.0,0.01948459342089289,0.06388598777427873,0.07816150335606398,0.10650915326604514,-0.07251954540793527,0.15671978759059646,0.02138575697186135,0.022208961859853354,0.11619230530989658,-0.009516840393824619,-0.11737511253492686,0.058029178209226845,-0.12396527985292655,-0.047440376751452074,0.06558664844779878,-0.27574387714900034,0.05908837102212516,-0.15325539990968418,-6.529823082e-08,71.95600128,-0.1042266388340714,0.0158907132653601,0.0158907132653601,2.0,0.0015739019758242347,-0.0050440924787468824,0.2021965996999936,-0.07264589311647512,0.08712060421515411,0.07882886161248813,9.225702149342281e-05,0.049787540772894864,0.08386778086633093,0.0019407096290275465,0.01388349816872696,-0.15206068551161572,0.10449233271091622,-0.25386568719701064,0.2603527732909875,-0.4632426440473607,0.14002337212406854,-0.17343834437949274,12.63139915,69.81752014,0.047567161472980526,0.0195930411129989,0.0195930411129989,4.0,0.029958618284613384,0.06593998560068715,0.12761662037153715,-0.05097878743500366,0.15401656130248453,-0.029651701036521143,0.09675197842558932,-0.010532353558135844,0.05888671732168255,-0.007639286734085082,-0.07245716119655435,0.0011691209848013941,-0.14581929328409277,0.028257190520141643,-0.03441729252274711,-0.19846290241215597,0.08532787693748677,-0.1420562386395759,29.35029793,68.94444275,0.6056047005187322,0.0158517125537957,0.0158517125537957,6.0,0.005169486976752208,0.083263430060179,-0.027393098987227256,0.1297478344277604,-0.057447418343335166,0.09333493015104818,0.03786330577673022,0.034305143137487476,0.05810239326789666,-0.025759056445029144,-0.08640170018031364,0.037088577451304165,-0.11756137149406451,0.05471649143875449,-0.10104899662170383,-0.00941416398850081,-0.013304202321525412,-0.040329315152552954,40.88459015,68.58546448,1.248188126966716,0.0040967066832651,0.0040967066832651,8.0,0.02093703716277468,0.064039843992641,0.004989876253628959,0.0916013220395288,-0.03294732449620111,0.05830154789593542,0.04149743234250511,0.08744152525361548,0.03430000315421266,-0.021574483459819275,-0.08268903681432384,0.03732773072960912,-0.18215415556428194,0.15456323130697883,-0.21376674237842594,0.10972870230490644,-0.07064885965137874,0.022767255025101407,49.44328308,68.802948,1.686950418245832,-0.0012107218330925,-0.0012107218330925,10.0,0.03210447179479864,0.08270403703626178,0.0012965853383712792,0.09879620177378193,0.02135896787920183,0.048833903198808176,0.04371485669922282,0.06838980453944776,0.011105988820260072,0.011082590146542632,-0.08055655447997759,0.07741602661130235,-0.21699978576061976,0.16106871439842063,-0.22284510899324164,0.08605212189841292,-0.05183683775901174,0.0008722263004900793,55.02288818,69.77344513,2.132143236598321,-0.0035392911723241,-0.0035392911723241,14.18,0.015826871646511774,0.053543914261400954,-0.02171144359621597,0.10524031152465446,0.017513165790018947,0.04521438563682789,0.05414121280791549,0.09113983805993496,0.003096449215178756,-0.003964234617707747,-0.05979080377529335,0.03119796491061349,-0.16845041741990444,0.12458739341026179,-0.18071419862251506,0.06878321473000866,-0.027107650088353787,0.010048232521915532,66.73245239,71.73248291,2.8105023230596697,-0.0165246909332865,-0.0165246909332865
12029,1106734.0,130,0.0,0.012696858364332372,0.07691026816715409,0.06185739244027234,0.10379106358108771,-0.04719402839571289,0.1552971537381953,-0.001839875193800377,0.013406837440080751,0.0931005867162298,-0.012593103573847082,-0.11650790961877713,0.022422974230636415,-0.09862413508638405,-0.03149133527447278,0.07868641307268677,-0.2879778864061482,0.03882501264964727,-0.1648842251116712,-6.529823082e-08,71.95600128,-0.20571920279572753,0.0158907132653601,0.0158907132653601,2.0,0.006184872814706954,-0.009692979354207659,0.20078698108852308,-0.08056610350436397,0.08423253729638357,0.0902611834255855,-0.006577247224050608,0.022982053180912017,0.0859303378497858,-0.019725251957038187,-0.003931340022851674,-0.15067583811843716,0.1281278620930801,-0.2860486390039435,0.24304102802934888,-0.4432456651139412,0.12464067650388032,-0.19738833861895289,12.63139915,69.81752014,0.15545158073154744,0.0195930411129989,0.0195930411129989,4.0,0.008914741534080409,0.05699370369635912,0.11415720310749508,-0.034825697143752554,0.13496321269639291,-0.0261921261824574,0.0929087603591365,0.028157910770969196,0.0854632315611687,-0.01026411806410022,-0.05744531771674537,0.0006399535818465609,-0.1542011442531305,0.0491690058395819,-0.06813259547669598,-0.20536533795210501,0.09174667711491813,-0.13419221407217027,29.35029793,68.94444275,0.6959406893522047,0.0158517125537957,0.0158517125537957,6.0,0.009357693461235017,0.07556560917003967,-0.007412621138097146,0.12658057840148623,-0.03229096868778056,0.10741815340049812,0.036871235027050135,0.06616719714250062,0.040017377963499814,0.00045556977538706994,-0.084752751226846,0.038208048420389454,-0.141850944360632,0.07860072263480807,-0.09382799437006782,-0.015727905525856276,-0.018052253991159988,-0.04235476579132069,40.88459015,68.58546448,1.331630563520634,0.0040967066832651,0.0040967066832651,8.0,0.035197745175852155,0.0770779313231252,-0.022871747372042277,0.09160718880886061,0.0013583130518423341,0.069850654818812,0.03164834586430683,0.060231546273951914,0.03653094154383909,-0.023547150765871175,-0.0586150833685686,0.04007639273247851,-0.18651407015503024,0.15000277529327252,-0.21255404626217916,0.0907956988913787,-0.06576000380191757,-0.009045229173697277,49.44328308,68.802948,1.6929720315445784,-0.0012107218330925,-0.0012107218330925,10.0,0.03436610625428155,0.05379418558155444,0.0015769520323175449,0.06438932081808499,0.026759019593516255,0.03038756608160986,0.0736572193746316,0.06500467989853681,0.020828064734793792,0.003627609070515273,-0.08444006962123475,0.07713688476682373,-0.204471503126583,0.1604853816502281,-0.19989999002247036,0.1029538889100962,-0.047116386660332424,-0.009005185319272732,55.02288818,69.77344513,2.042180137141485,-0.0035392911723241,-0.0035392911723241,14.18,0.03156496431665208,0.06417357807602823,0.0061197422807177035,0.11411689936279396,0.001527429569915924,0.07018668919080687,0.03522895343303158,0.061268016978393236,0.03726522504239574,-0.035789892878762206,-0.05464646916510801,0.024260522261558944,-0.17162762969644002,0.15563158712242853,-0.17749469105771346,0.09172900449527162,-0.02967248557758272,0.042575418721957234,66.73245239,71.73248291,2.964022040266065,-0.0165246909332865,-0.0165246909332865
13603,1119930.0,126,0.0,0.01815205289944271,0.038611348553997206,0.0787697769205283,0.09635008898398449,-0.06908789681170031,0.16326103824433771,0.008192253527332128,0.005966213047803719,0.11182436618448187,0.00982761349680116,-0.10512540384280436,0.04705434002020922,-0.1312424486699501,-0.021730953166154,0.070115554637002,-0.25115232474466087,0.05662369397300862,-0.14873186302408933,-6.529823082e-08,71.95600128,-0.1590788211022184,0.0158907132653601,0.0158907132653601,2.0,0.005356337991017071,0.01255468474302643,0.18519097681356061,-0.06052422017713939,0.08487707502825573,0.06258877932367744,0.01571504571821161,0.030085844510146717,0.06241041098844777,-0.02018026840038708,0.012187225846041887,-0.15423634433058647,0.12067351921848724,-0.290826072495474,0.2533242888519565,-0.4362969103828991,0.1461501858624323,-0.18962280937550388,12.63139915,69.81752014,0.12182967791168886,0.0195930411129989,0.0195930411129989,4.0,0.00810120227211977,0.060810929324092954,0.10904580424699627,-0.04680703385856935,0.13685223846130726,-0.04256622171406433,0.08669729976238624,0.023860991417963637,0.0663331825651091,-0.006448992710658318,-0.06227012390717716,0.01754700706030344,-0.12231774431344092,0.03899678637138407,-0.05871157597162053,-0.224544132956434,0.07201818550666743,-0.14277471344425266,29.35029793,68.94444275,0.7593744109422819,0.0158517125537957,0.0158517125537957,6.0,0.013768835077866057,0.07185477823076121,-0.016847334228502348,0.14983626035028833,-0.043155482720513796,0.09109432293926911,0.05197015505028947,0.06779127365414714,0.036910524341593996,0.00032827405129267836,-0.07463917977330574,0.04115891392340676,-0.11875611813732216,0.06810019431392268,-0.09431981804055457,-0.00369711215505324,0.008960729155428355,-0.047708697866897,40.88459015,68.58546448,1.292411431439774,0.0040967066832651,0.0040967066832651,8.0,0.03167409539254507,0.07215168244978885,0.0003260288704419849,0.11902493165028148,-0.013745125709200867,0.0689274660782229,0.045504503926160886,0.0867109995359859,0.016878102975395496,-0.02464098293444475,-0.09144576372789216,0.06826573268576955,-0.17175501978216876,0.13622550999714128,-0.2100026394661374,0.09237808699167528,-0.06496990656038211,0.013052968355629519,49.44328308,68.802948,1.797803744479677,-0.0012107218330925,-0.0012107218330925,10.0,0.024669576087342552,0.08273278091567975,0.017523042014431323,0.06559472475489521,0.027084989209285964,0.03841286051428842,0.05788626073422122,0.0576056827744502,0.0107261656992573,0.0017007854521961484,-0.09372246130551781,0.06966725554581112,-0.18724511215498393,0.15929548476391903,-0.22503818178436877,0.09543847562505312,-0.05488566189336931,0.021009803820011587,55.02288818,69.77344513,1.9791901998580026,-0.0035392911723241,-0.0035392911723241,14.18,0.04171156893052866,0.05385757774189233,-0.01935849076450779,0.10083135714211404,0.00048802706185011404,0.07260297373678201,0.03699272083768728,0.08185684242556736,0.027701923218172816,-0.027264136541480938,-0.08073833778248851,0.055938938727683754,-0.162873848296582,0.14671886167504217,-0.17548727873679631,0.09739013694014906,-0.029066126152393637,0.037073612918896534,66.73245239,71.73248291,2.9334999810790703,-0.0165246909332865,-0.0165246909332865
